{
  "sor": {
    "system": "CWK",
    "dataOwner": "abc",
    "dataSteward": "def",
    "input": {
      "type": "file",
      "name": "abc.csv"
    }
  },
  "dataDomain": {
    "domain": "HR",
    "dataOwner": "ankuaga3",
    "dataSteward": "deeppate",
    "system": "GCP-BQ",
    "sourceSimilar": "gcp-edwprddata-prd-33200.SSDB.FPA_SOW_WORK_ORDER_DETAIL",
    "trxID": "WORK_ORDER_ID",
    "creationDate": "EDWBQ_CREATE_DTM",
    "creationDateType": "TIMESTAMP"
  },
  "contractRules": {
    "freqency": 15,
    "volume": "changesOnly",
    "schemaRules": "https://raw.githubusercontent.com/dbhagrav/data_contracts/main/HR/CWK/FPA_SOW_WORK_ORDER_DETAIL/JSON%20Based/FPA_SOW_WORK_ORDER_DETAIL%20Schema%20Rules.json"
  },
  "signatures": {
    "sor": {
      "signedBy": [
        "abc",
        "def"
      ]
    },
    "dataDomain": {
      "signedBy": [
        "ankuaga3",
        "deeppate"
      ]
    },
    "date": "01/25/2023"
  }
}

