{
  "$schema": "http://json-schema.org/draft-07/schema#",
  "type": "object",
  "properties": {
    "CISCO_HRMS_ID_INTEGER": {
      "allOf": [
        { "type": "string" },
        { "not": { "type": "null" } },
        { "pattern": "^[1-9]\\d*$" }
      ]
    },
    "PO_INTEGER": {
      "allOf": [
        { "type": "string" },
        { "not": { "type": "null" } },
        { "pattern": "^[1-9]\\d*$" }
      ]
    },
    "BAN_NUMBER": {
      "allOf": [
        { "type": "string" },
        { "not": { "type": "null" } },
        { "pattern": "^[1-9]\\d*$" }
      ]
    }
  }
}
