{
  "sor": {
    "system": "P2P Data Hub",
    "dataOwner": "vananthu",
    "dataSteward": "vananthu",
    "input": {
      "type": "Ingestion Framework",
      "mode": "Daily Truncate and Load"
    }
  },
  "dataDomain": {
    "domain": "Workforce",
    "dataOwner": "ankuaga3",
    "dataSteward": "deeppate",
    "system": "GCP-BQ",
    "sourceSimilar": "gcp-edwprddata-prd-33200.SSDB.FPA_JOB_POSTING_DETAIL",
    "trxID": "JOB_POSTING_ID",
    "creationDate": "EDWBQ_CREATE_DTM",
    "creationDateType": "TIMESTAMP"

  },
  "contractRules": {
    "freqency": 15,
    "volume": "changesOnly",
    "schemaRules": "https://github.com/dbhagrav/data_contracts/raw/main/Workforce/P2P%20Data%20Hub/FPA_JOB_POSTING_DETAIL/JSON%20Based/FPA_JOB_POSTING_DETAIL%20Schema%20Rules.json",
    "MONITOR_TYPE": "BQ_SCHEMA"
  },
  "signatures": {
    "sor": {
      "signedBy": [
        "vananthu"
      ]
    },
    "dataDomain": {
      "signedBy": [
        "ankuaga3",
        "deeppate"
      ]
    },
    "date": "01/25/2023"
  }
}

