{
  "type": "object",
  "properties": {
    "STATEMENT_OF_WORK_OWNER_EMAIL": { "format": "email" },
    "PO_NUMBER": {
      "anyOf": [
        {
          "type": [ "null" ]
        },
        {
          "type": "string",
          "pattern": "^([1-9])\\d*$"
        },
        { "const": "UNKNOWN" }
      ]
    },
    "BAN_NUMBER": {
      "anyOf": [
        {
          "type": [ "null" ]
        },
        {
          "type": "string",
          "pattern": "^\\d+$"
        }
      ]
    }
  },
  "if": {
    "properties": {
      "onboarding_only": { "const": "Y" }
    }
  },
  "then": {
    "properties": {
      "PO_NUMBER": { "const": "UNKNOWN" }
    },
    "required": [ "PO_NUMBER" ]
  }
}
