{
  "$schema": "http://json-schema.org/draft-07/schema#",
  "type": "object",
  "properties": {
    "STATEMENT_OF_WORK_OWNER_EMAIL": { "format": "email" },
    "PO_NUMBER": {
      "allOf": [
        { "type": "string" },
        { "not": { "type": "null" } },
        { "not": { "pattern": "^0|-[1-9]\\d*$" } }
      ],
      "description": "Cannot be null, and cannot be negative or zero. Alphanumerics are allowed."
    },
    "BAN_NUMBER": {
      "allOf": [
        {
          "not": { "type": [ "null" ] }
        },
        {
          "pattern": "^(0|[1-9]\\d*)|UNKNOWN$"
        }
      ],
      "description": "Cannot be null, and must be either a non negative number or value of UNKNOWN ."
    }
  }
}
